wc,n_matches,log_loss,brier,accuracy,rho
2010,64,0.923474949795879,0.5453432241766212,0.578125,-0.03785349119054403
2014,64,0.9995599177314831,0.5925642828953077,0.59375,-0.037039834055154944
2018,64,0.9492842234547966,0.5654158947128507,0.546875,-0.03589930219365559
2022,64,1.0403307989919934,0.6168585089201845,0.484375,-0.028509870595459837
