wc,n_matches,log_loss,brier,accuracy,rho
2010,64,0.9228902594471782,0.544944153897446,0.59375,-0.03784671922424071
2014,64,0.9994460403285337,0.5924570388033825,0.59375,-0.037042822672729646
2018,64,0.9496051842201765,0.5656097079952032,0.546875,-0.03588961401776548
2022,64,1.0403233892449661,0.6168547627000455,0.484375,-0.028509889106894414
